datatime,packagename,pid,thread_num
2023-04-17 23-20-35,com.nio.pe.niopower,,1
2023-04-17 23-21-05,com.nio.pe.niopower,10899,204
2023-04-17 23-21-35,com.nio.pe.niopower,10899,197
2023-04-17 23-22-05,com.nio.pe.niopower,10899,194
2023-04-17 23-22-35,com.nio.pe.niopower,10899,193
2023-04-17 23-23-05,com.nio.pe.niopower,10899,187
2023-04-17 23-23-35,com.nio.pe.niopower,10899,191
2023-04-17 23-24-05,com.nio.pe.niopower,10899,187
2023-04-17 23-24-35,com.nio.pe.niopower,10899,187
2023-04-17 23-25-05,com.nio.pe.niopower,10899,187
2023-04-17 23-25-35,com.nio.pe.niopower,10899,187
2023-04-17 23-26-05,com.nio.pe.niopower,10899,185
2023-04-17 23-26-35,com.nio.pe.niopower,10899,183
2023-04-17 23-27-05,com.nio.pe.niopower,10899,183
2023-04-17 23-27-35,com.nio.pe.niopower,10899,183
2023-04-17 23-28-05,com.nio.pe.niopower,10899,182
2023-04-17 23-28-35,com.nio.pe.niopower,10899,182
2023-04-17 23-29-05,com.nio.pe.niopower,10899,182
2023-04-17 23-29-35,com.nio.pe.niopower,10899,182
2023-04-17 23-30-05,com.nio.pe.niopower,10899,182
