datatime,packagename,pid,thread_num
2023-04-17 23-32-24,com.yiyitech.powerex,12110,91
2023-04-17 23-32-54,com.yiyitech.powerex,12110,139
2023-04-17 23-33-24,com.yiyitech.powerex,12110,136
2023-04-17 23-33-54,com.yiyitech.powerex,12110,144
2023-04-17 23-34-24,com.yiyitech.powerex,12110,140
2023-04-17 23-34-54,com.yiyitech.powerex,12110,133
2023-04-17 23-35-24,com.yiyitech.powerex,12110,143
2023-04-17 23-35-54,com.yiyitech.powerex,12110,139
2023-04-17 23-36-24,com.yiyitech.powerex,12110,134
2023-04-17 23-36-54,com.yiyitech.powerex,12110,126
2023-04-17 23-37-24,com.yiyitech.powerex,12110,153
2023-04-17 23-37-54,com.yiyitech.powerex,12110,151
2023-04-17 23-38-24,com.yiyitech.powerex,12110,144
2023-04-17 23-38-54,com.yiyitech.powerex,12110,144
2023-04-17 23-39-24,com.yiyitech.powerex,12110,144
2023-04-17 23-39-54,com.yiyitech.powerex,12110,142
2023-04-17 23-40-24,com.yiyitech.powerex,12110,142
2023-04-17 23-40-54,com.yiyitech.powerex,12110,141
2023-04-17 23-41-24,com.yiyitech.powerex,12110,145
2023-04-17 23-41-54,com.yiyitech.powerex,12110,145
